edge_id,from_node_id,to_node_id,road_name,road_type,direction,distance_m,free_flow_speed_kph,free_flow_time_min,speed_derivation,speed_source_rows,flood_risk_0_1,flood_observation_status,source_id,source_segment_id,data_status
UTR_EDGE_2022,UTR_NODE_5758041258,UTR_NODE_5762610277,Đặng Văn Bi,tertiary,SOURCE_DIRECTED,7.000,38.000,0.011053,STREET_TYPE_P85,44727,1,OBSERVED_PRONE_CANDIDATE_MAPPING,UTRAFFIC-HCM-V6,2022,MIXED
UTR_EDGE_2023,UTR_NODE_5762610277,UTR_NODE_5758041258,Đặng Văn Bi,tertiary,SOURCE_DIRECTED,7.000,38.000,0.011053,STREET_TYPE_P85,44727,1,OBSERVED_PRONE_CANDIDATE_MAPPING,UTRAFFIC-HCM-V6,2023,MIXED
UTR_EDGE_2024,UTR_NODE_5762610277,UTR_NODE_3116282959,Đặng Văn Bi,tertiary,SOURCE_DIRECTED,21.000,38.000,0.033158,STREET_TYPE_P85,44727,1,OBSERVED_PRONE_CANDIDATE_MAPPING,UTRAFFIC-HCM-V6,2024,MIXED
UTR_EDGE_2025,UTR_NODE_3116282959,UTR_NODE_5762610277,Đặng Văn Bi,tertiary,SOURCE_DIRECTED,21.000,38.000,0.033158,STREET_TYPE_P85,44727,1,OBSERVED_PRONE_CANDIDATE_MAPPING,UTRAFFIC-HCM-V6,2025,MIXED
UTR_EDGE_2026,UTR_NODE_3116282959,UTR_NODE_5762610255,Đặng Văn Bi,tertiary,SOURCE_DIRECTED,48.000,38.000,0.075789,STREET_TYPE_P85,44727,1,OBSERVED_PRONE_CANDIDATE_MAPPING,UTRAFFIC-HCM-V6,2026,MIXED
UTR_EDGE_2027,UTR_NODE_5762610255,UTR_NODE_3116282959,Đặng Văn Bi,tertiary,SOURCE_DIRECTED,48.000,38.000,0.075789,STREET_TYPE_P85,44727,1,OBSERVED_PRONE_CANDIDATE_MAPPING,UTRAFFIC-HCM-V6,2027,MIXED
UTR_EDGE_2028,UTR_NODE_5762610255,UTR_NODE_3116282962,Đặng Văn Bi,tertiary,SOURCE_DIRECTED,10.000,38.000,0.015789,STREET_TYPE_P85,44727,1,OBSERVED_PRONE_CANDIDATE_MAPPING,UTRAFFIC-HCM-V6,2028,MIXED
UTR_EDGE_2029,UTR_NODE_3116282962,UTR_NODE_5762610255,Đặng Văn Bi,tertiary,SOURCE_DIRECTED,10.000,38.000,0.015789,STREET_TYPE_P85,44727,1,OBSERVED_PRONE_CANDIDATE_MAPPING,UTRAFFIC-HCM-V6,2029,MIXED
UTR_EDGE_2030,UTR_NODE_3116282962,UTR_NODE_3116282965,Đặng Văn Bi,tertiary,SOURCE_DIRECTED,42.000,38.000,0.066316,STREET_TYPE_P85,44727,1,OBSERVED_PRONE_CANDIDATE_MAPPING,UTRAFFIC-HCM-V6,2030,MIXED
UTR_EDGE_2031,UTR_NODE_3116282965,UTR_NODE_3116282962,Đặng Văn Bi,tertiary,SOURCE_DIRECTED,42.000,38.000,0.066316,STREET_TYPE_P85,44727,1,OBSERVED_PRONE_CANDIDATE_MAPPING,UTRAFFIC-HCM-V6,2031,MIXED
UTR_EDGE_2032,UTR_NODE_3116282965,UTR_NODE_5758041254,Đặng Văn Bi,tertiary,SOURCE_DIRECTED,21.000,38.000,0.033158,STREET_TYPE_P85,44727,1,OBSERVED_PRONE_CANDIDATE_MAPPING,UTRAFFIC-HCM-V6,2032,MIXED
UTR_EDGE_2033,UTR_NODE_5758041254,UTR_NODE_3116282965,Đặng Văn Bi,tertiary,SOURCE_DIRECTED,21.000,38.000,0.033158,STREET_TYPE_P85,44727,1,OBSERVED_PRONE_CANDIDATE_MAPPING,UTRAFFIC-HCM-V6,2033,MIXED
UTR_EDGE_2034,UTR_NODE_5758041254,UTR_NODE_5758041256,Đặng Văn Bi,tertiary,SOURCE_DIRECTED,31.000,38.000,0.048947,STREET_TYPE_P85,44727,1,OBSERVED_PRONE_CANDIDATE_MAPPING,UTRAFFIC-HCM-V6,2034,MIXED
UTR_EDGE_2035,UTR_NODE_5758041256,UTR_NODE_5758041254,Đặng Văn Bi,tertiary,SOURCE_DIRECTED,31.000,38.000,0.048947,STREET_TYPE_P85,44727,1,OBSERVED_PRONE_CANDIDATE_MAPPING,UTRAFFIC-HCM-V6,2035,MIXED
UTR_EDGE_10317,UTR_NODE_2332788978,UTR_NODE_5758041267,Võ Văn Ngân,tertiary,SOURCE_DIRECTED,16.000,28.500,0.033684,STREET_P85,71,0,NO_RECORD_IN_SELECTED_SOURCES,UTRAFFIC-HCM-V6,10317,DERIVED
UTR_EDGE_10318,UTR_NODE_5758041267,UTR_NODE_2332788978,Võ Văn Ngân,tertiary,SOURCE_DIRECTED,16.000,28.500,0.033684,STREET_P85,71,0,NO_RECORD_IN_SELECTED_SOURCES,UTRAFFIC-HCM-V6,10318,DERIVED
UTR_EDGE_10319,UTR_NODE_5758041267,UTR_NODE_5758041268,Võ Văn Ngân,tertiary,SOURCE_DIRECTED,29.000,28.500,0.061053,STREET_P85,71,0,NO_RECORD_IN_SELECTED_SOURCES,UTRAFFIC-HCM-V6,10319,DERIVED
UTR_EDGE_10320,UTR_NODE_5758041268,UTR_NODE_5758041267,Võ Văn Ngân,tertiary,SOURCE_DIRECTED,29.000,28.500,0.061053,STREET_P85,71,0,NO_RECORD_IN_SELECTED_SOURCES,UTRAFFIC-HCM-V6,10320,DERIVED
UTR_EDGE_10321,UTR_NODE_5758041268,UTR_NODE_5758041260,Võ Văn Ngân,tertiary,SOURCE_DIRECTED,2.000,28.500,0.004211,STREET_P85,71,0,NO_RECORD_IN_SELECTED_SOURCES,UTRAFFIC-HCM-V6,10321,DERIVED
UTR_EDGE_10322,UTR_NODE_5758041260,UTR_NODE_5758041268,Võ Văn Ngân,tertiary,SOURCE_DIRECTED,2.000,28.500,0.004211,STREET_P85,71,0,NO_RECORD_IN_SELECTED_SOURCES,UTRAFFIC-HCM-V6,10322,DERIVED
UTR_EDGE_10323,UTR_NODE_5758041260,UTR_NODE_5758041266,Võ Văn Ngân,tertiary,SOURCE_DIRECTED,20.000,28.500,0.042105,STREET_P85,71,0,NO_RECORD_IN_SELECTED_SOURCES,UTRAFFIC-HCM-V6,10323,DERIVED
UTR_EDGE_10324,UTR_NODE_5758041266,UTR_NODE_5758041260,Võ Văn Ngân,tertiary,SOURCE_DIRECTED,20.000,28.500,0.042105,STREET_P85,71,0,NO_RECORD_IN_SELECTED_SOURCES,UTRAFFIC-HCM-V6,10324,DERIVED
UTR_EDGE_10325,UTR_NODE_5758041266,UTR_NODE_5758041265,Võ Văn Ngân,tertiary,SOURCE_DIRECTED,12.000,28.500,0.025263,STREET_P85,71,0,NO_RECORD_IN_SELECTED_SOURCES,UTRAFFIC-HCM-V6,10325,DERIVED
UTR_EDGE_10326,UTR_NODE_5758041265,UTR_NODE_5758041266,Võ Văn Ngân,tertiary,SOURCE_DIRECTED,12.000,28.500,0.025263,STREET_P85,71,0,NO_RECORD_IN_SELECTED_SOURCES,UTRAFFIC-HCM-V6,10326,DERIVED
UTR_EDGE_10327,UTR_NODE_5758041265,UTR_NODE_5758041261,Võ Văn Ngân,tertiary,SOURCE_DIRECTED,5.000,28.500,0.010526,STREET_P85,71,0,NO_RECORD_IN_SELECTED_SOURCES,UTRAFFIC-HCM-V6,10327,DERIVED
UTR_EDGE_10328,UTR_NODE_5758041261,UTR_NODE_5758041265,Võ Văn Ngân,tertiary,SOURCE_DIRECTED,5.000,28.500,0.010526,STREET_P85,71,0,NO_RECORD_IN_SELECTED_SOURCES,UTRAFFIC-HCM-V6,10328,DERIVED
UTR_EDGE_10329,UTR_NODE_5758041261,UTR_NODE_5758041252,Võ Văn Ngân,tertiary,SOURCE_DIRECTED,10.000,28.500,0.021053,STREET_P85,71,0,NO_RECORD_IN_SELECTED_SOURCES,UTRAFFIC-HCM-V6,10329,DERIVED
UTR_EDGE_10330,UTR_NODE_5758041252,UTR_NODE_5758041261,Võ Văn Ngân,tertiary,SOURCE_DIRECTED,10.000,28.500,0.021053,STREET_P85,71,0,NO_RECORD_IN_SELECTED_SOURCES,UTRAFFIC-HCM-V6,10330,DERIVED
UTR_EDGE_10331,UTR_NODE_5758041252,UTR_NODE_5758041269,Võ Văn Ngân,tertiary,SOURCE_DIRECTED,7.000,28.500,0.014737,STREET_P85,71,0,NO_RECORD_IN_SELECTED_SOURCES,UTRAFFIC-HCM-V6,10331,DERIVED
UTR_EDGE_10332,UTR_NODE_5758041269,UTR_NODE_5758041252,Võ Văn Ngân,tertiary,SOURCE_DIRECTED,7.000,28.500,0.014737,STREET_P85,71,0,NO_RECORD_IN_SELECTED_SOURCES,UTRAFFIC-HCM-V6,10332,DERIVED
UTR_EDGE_10333,UTR_NODE_5758041269,UTR_NODE_5758041253,Võ Văn Ngân,tertiary,SOURCE_DIRECTED,4.000,28.500,0.008421,STREET_P85,71,0,NO_RECORD_IN_SELECTED_SOURCES,UTRAFFIC-HCM-V6,10333,DERIVED
UTR_EDGE_10334,UTR_NODE_5758041253,UTR_NODE_5758041269,Võ Văn Ngân,tertiary,SOURCE_DIRECTED,4.000,28.500,0.008421,STREET_P85,71,0,NO_RECORD_IN_SELECTED_SOURCES,UTRAFFIC-HCM-V6,10334,DERIVED
UTR_EDGE_10335,UTR_NODE_5758041253,UTR_NODE_5758041264,Võ Văn Ngân,tertiary,SOURCE_DIRECTED,8.000,28.500,0.016842,STREET_P85,71,0,NO_RECORD_IN_SELECTED_SOURCES,UTRAFFIC-HCM-V6,10335,DERIVED
UTR_EDGE_10336,UTR_NODE_5758041264,UTR_NODE_5758041253,Võ Văn Ngân,tertiary,SOURCE_DIRECTED,8.000,28.500,0.016842,STREET_P85,71,0,NO_RECORD_IN_SELECTED_SOURCES,UTRAFFIC-HCM-V6,10336,DERIVED
UTR_EDGE_10337,UTR_NODE_5758041264,UTR_NODE_5142365645,Võ Văn Ngân,tertiary,SOURCE_DIRECTED,44.000,28.500,0.092632,STREET_P85,71,0,NO_RECORD_IN_SELECTED_SOURCES,UTRAFFIC-HCM-V6,10337,DERIVED
UTR_EDGE_10338,UTR_NODE_5142365645,UTR_NODE_5758041264,Võ Văn Ngân,tertiary,SOURCE_DIRECTED,44.000,28.500,0.092632,STREET_P85,71,0,NO_RECORD_IN_SELECTED_SOURCES,UTRAFFIC-HCM-V6,10338,DERIVED
UTR_EDGE_10339,UTR_NODE_5142365645,UTR_NODE_5758041279,Võ Văn Ngân,tertiary,SOURCE_DIRECTED,18.000,28.500,0.037895,STREET_P85,71,0,NO_RECORD_IN_SELECTED_SOURCES,UTRAFFIC-HCM-V6,10339,DERIVED
UTR_EDGE_10340,UTR_NODE_5758041279,UTR_NODE_5142365645,Võ Văn Ngân,tertiary,SOURCE_DIRECTED,18.000,28.500,0.037895,STREET_P85,71,0,NO_RECORD_IN_SELECTED_SOURCES,UTRAFFIC-HCM-V6,10340,DERIVED
UTR_EDGE_10341,UTR_NODE_5758041279,UTR_NODE_366413263,Võ Văn Ngân,tertiary,SOURCE_DIRECTED,8.000,28.500,0.016842,STREET_P85,71,0,NO_RECORD_IN_SELECTED_SOURCES,UTRAFFIC-HCM-V6,10341,DERIVED
UTR_EDGE_10342,UTR_NODE_366413263,UTR_NODE_5758041279,Võ Văn Ngân,tertiary,SOURCE_DIRECTED,8.000,28.500,0.016842,STREET_P85,71,0,NO_RECORD_IN_SELECTED_SOURCES,UTRAFFIC-HCM-V6,10342,DERIVED
UTR_EDGE_10343,UTR_NODE_366413263,UTR_NODE_5762874783,Võ Văn Ngân,tertiary,SOURCE_DIRECTED,13.000,28.500,0.027368,STREET_P85,71,0,NO_RECORD_IN_SELECTED_SOURCES,UTRAFFIC-HCM-V6,10343,DERIVED
UTR_EDGE_10344,UTR_NODE_5762874783,UTR_NODE_366413263,Võ Văn Ngân,tertiary,SOURCE_DIRECTED,13.000,28.500,0.027368,STREET_P85,71,0,NO_RECORD_IN_SELECTED_SOURCES,UTRAFFIC-HCM-V6,10344,DERIVED
UTR_EDGE_10345,UTR_NODE_5762874783,UTR_NODE_5758041262,Võ Văn Ngân,tertiary,SOURCE_DIRECTED,21.000,28.500,0.044211,STREET_P85,71,0,NO_RECORD_IN_SELECTED_SOURCES,UTRAFFIC-HCM-V6,10345,DERIVED
UTR_EDGE_10346,UTR_NODE_5758041262,UTR_NODE_5762874783,Võ Văn Ngân,tertiary,SOURCE_DIRECTED,21.000,28.500,0.044211,STREET_P85,71,0,NO_RECORD_IN_SELECTED_SOURCES,UTRAFFIC-HCM-V6,10346,DERIVED
UTR_EDGE_10347,UTR_NODE_5758041262,UTR_NODE_5763147358,Võ Văn Ngân,tertiary,SOURCE_DIRECTED,25.000,28.500,0.052632,STREET_P85,71,0,NO_RECORD_IN_SELECTED_SOURCES,UTRAFFIC-HCM-V6,10347,DERIVED
UTR_EDGE_10348,UTR_NODE_5763147358,UTR_NODE_5758041262,Võ Văn Ngân,tertiary,SOURCE_DIRECTED,25.000,28.500,0.052632,STREET_P85,71,0,NO_RECORD_IN_SELECTED_SOURCES,UTRAFFIC-HCM-V6,10348,DERIVED
UTR_EDGE_10349,UTR_NODE_5763147358,UTR_NODE_5758041263,Võ Văn Ngân,tertiary,SOURCE_DIRECTED,27.000,28.500,0.056842,STREET_P85,71,0,NO_RECORD_IN_SELECTED_SOURCES,UTRAFFIC-HCM-V6,10349,DERIVED
UTR_EDGE_10350,UTR_NODE_5758041263,UTR_NODE_5763147358,Võ Văn Ngân,tertiary,SOURCE_DIRECTED,27.000,28.500,0.056842,STREET_P85,71,0,NO_RECORD_IN_SELECTED_SOURCES,UTRAFFIC-HCM-V6,10350,DERIVED
UTR_EDGE_10351,UTR_NODE_5758041263,UTR_NODE_5758041259,Võ Văn Ngân,tertiary,SOURCE_DIRECTED,57.000,28.500,0.120000,STREET_P85,71,0,NO_RECORD_IN_SELECTED_SOURCES,UTRAFFIC-HCM-V6,10351,DERIVED
UTR_EDGE_10352,UTR_NODE_5758041259,UTR_NODE_5758041263,Võ Văn Ngân,tertiary,SOURCE_DIRECTED,57.000,28.500,0.120000,STREET_P85,71,0,NO_RECORD_IN_SELECTED_SOURCES,UTRAFFIC-HCM-V6,10352,DERIVED
UTR_EDGE_10353,UTR_NODE_5758041259,UTR_NODE_3116282960,Võ Văn Ngân,tertiary,SOURCE_DIRECTED,40.000,28.500,0.084211,STREET_P85,71,0,NO_RECORD_IN_SELECTED_SOURCES,UTRAFFIC-HCM-V6,10353,DERIVED
UTR_EDGE_10354,UTR_NODE_3116282960,UTR_NODE_5758041259,Võ Văn Ngân,tertiary,SOURCE_DIRECTED,40.000,28.500,0.084211,STREET_P85,71,0,NO_RECORD_IN_SELECTED_SOURCES,UTRAFFIC-HCM-V6,10354,DERIVED
UTR_EDGE_10355,UTR_NODE_3116282960,UTR_NODE_5758041258,Võ Văn Ngân,tertiary,SOURCE_DIRECTED,37.000,28.500,0.077895,STREET_P85,71,0,NO_RECORD_IN_SELECTED_SOURCES,UTRAFFIC-HCM-V6,10355,DERIVED
UTR_EDGE_10356,UTR_NODE_5758041258,UTR_NODE_3116282960,Võ Văn Ngân,tertiary,SOURCE_DIRECTED,37.000,28.500,0.077895,STREET_P85,71,0,NO_RECORD_IN_SELECTED_SOURCES,UTRAFFIC-HCM-V6,10356,DERIVED
UTR_EDGE_11268,UTR_NODE_5763193360,UTR_NODE_366449407,Dương Văn Cam,tertiary,SOURCE_DIRECTED,72.000,38.000,0.113684,STREET_TYPE_P85,44727,1,OBSERVED_PRONE_CANDIDATE_MAPPING,UTRAFFIC-HCM-V6,11268,MIXED
UTR_EDGE_11269,UTR_NODE_366449407,UTR_NODE_5763193360,Dương Văn Cam,tertiary,SOURCE_DIRECTED,72.000,38.000,0.113684,STREET_TYPE_P85,44727,1,OBSERVED_PRONE_CANDIDATE_MAPPING,UTRAFFIC-HCM-V6,11269,MIXED
UTR_EDGE_11270,UTR_NODE_366449407,UTR_NODE_366470441,Dương Văn Cam,tertiary,SOURCE_DIRECTED,7.000,38.000,0.011053,STREET_TYPE_P85,44727,1,OBSERVED_PRONE_CANDIDATE_MAPPING,UTRAFFIC-HCM-V6,11270,MIXED
UTR_EDGE_11271,UTR_NODE_366470441,UTR_NODE_366449407,Dương Văn Cam,tertiary,SOURCE_DIRECTED,7.000,38.000,0.011053,STREET_TYPE_P85,44727,1,OBSERVED_PRONE_CANDIDATE_MAPPING,UTRAFFIC-HCM-V6,11271,MIXED
UTR_EDGE_11272,UTR_NODE_366470441,UTR_NODE_4030892832,Dương Văn Cam,tertiary,SOURCE_DIRECTED,132.000,38.000,0.208421,STREET_TYPE_P85,44727,1,OBSERVED_PRONE_CANDIDATE_MAPPING,UTRAFFIC-HCM-V6,11272,MIXED
UTR_EDGE_11273,UTR_NODE_4030892832,UTR_NODE_366470441,Dương Văn Cam,tertiary,SOURCE_DIRECTED,132.000,38.000,0.208421,STREET_TYPE_P85,44727,1,OBSERVED_PRONE_CANDIDATE_MAPPING,UTRAFFIC-HCM-V6,11273,MIXED
UTR_EDGE_11274,UTR_NODE_4030892832,UTR_NODE_2326571666,Dương Văn Cam,tertiary,SOURCE_DIRECTED,17.000,38.000,0.026842,STREET_TYPE_P85,44727,1,OBSERVED_PRONE_CANDIDATE_MAPPING,UTRAFFIC-HCM-V6,11274,MIXED
UTR_EDGE_11275,UTR_NODE_2326571666,UTR_NODE_4030892832,Dương Văn Cam,tertiary,SOURCE_DIRECTED,17.000,38.000,0.026842,STREET_TYPE_P85,44727,1,OBSERVED_PRONE_CANDIDATE_MAPPING,UTRAFFIC-HCM-V6,11275,MIXED
UTR_EDGE_11276,UTR_NODE_2326571666,UTR_NODE_5758041286,Dương Văn Cam,tertiary,SOURCE_DIRECTED,16.000,38.000,0.025263,STREET_TYPE_P85,44727,1,OBSERVED_PRONE_CANDIDATE_MAPPING,UTRAFFIC-HCM-V6,11276,MIXED
UTR_EDGE_11277,UTR_NODE_5758041286,UTR_NODE_2326571666,Dương Văn Cam,tertiary,SOURCE_DIRECTED,16.000,38.000,0.025263,STREET_TYPE_P85,44727,1,OBSERVED_PRONE_CANDIDATE_MAPPING,UTRAFFIC-HCM-V6,11277,MIXED
UTR_EDGE_11278,UTR_NODE_5758041286,UTR_NODE_366385739,Dương Văn Cam,tertiary,SOURCE_DIRECTED,75.000,38.000,0.118421,STREET_TYPE_P85,44727,1,OBSERVED_PRONE_CANDIDATE_MAPPING,UTRAFFIC-HCM-V6,11278,MIXED
UTR_EDGE_11279,UTR_NODE_366385739,UTR_NODE_5758041286,Dương Văn Cam,tertiary,SOURCE_DIRECTED,75.000,38.000,0.118421,STREET_TYPE_P85,44727,1,OBSERVED_PRONE_CANDIDATE_MAPPING,UTRAFFIC-HCM-V6,11279,MIXED
UTR_EDGE_16657,UTR_NODE_366383242,UTR_NODE_366369871,Tô Ngọc Vân,tertiary,SOURCE_DIRECTED,88.000,47.000,0.112340,STREET_P85,6,0,NO_RECORD_IN_SELECTED_SOURCES,UTRAFFIC-HCM-V6,16657,DERIVED
UTR_EDGE_16658,UTR_NODE_366369871,UTR_NODE_366383242,Tô Ngọc Vân,tertiary,SOURCE_DIRECTED,88.000,47.000,0.112340,STREET_P85,6,0,NO_RECORD_IN_SELECTED_SOURCES,UTRAFFIC-HCM-V6,16658,DERIVED
UTR_EDGE_16659,UTR_NODE_366369871,UTR_NODE_5763193249,Tô Ngọc Vân,tertiary,SOURCE_DIRECTED,14.000,47.000,0.017872,STREET_P85,6,0,NO_RECORD_IN_SELECTED_SOURCES,UTRAFFIC-HCM-V6,16659,DERIVED
UTR_EDGE_16660,UTR_NODE_5763193249,UTR_NODE_366369871,Tô Ngọc Vân,tertiary,SOURCE_DIRECTED,14.000,47.000,0.017872,STREET_P85,6,0,NO_RECORD_IN_SELECTED_SOURCES,UTRAFFIC-HCM-V6,16660,DERIVED
UTR_EDGE_16661,UTR_NODE_5763193249,UTR_NODE_366448154,Tô Ngọc Vân,tertiary,SOURCE_DIRECTED,27.000,47.000,0.034468,STREET_P85,6,0,NO_RECORD_IN_SELECTED_SOURCES,UTRAFFIC-HCM-V6,16661,DERIVED
UTR_EDGE_16662,UTR_NODE_366448154,UTR_NODE_5763193249,Tô Ngọc Vân,tertiary,SOURCE_DIRECTED,27.000,47.000,0.034468,STREET_P85,6,0,NO_RECORD_IN_SELECTED_SOURCES,UTRAFFIC-HCM-V6,16662,DERIVED
UTR_EDGE_16663,UTR_NODE_366448154,UTR_NODE_366448720,Tô Ngọc Vân,tertiary,SOURCE_DIRECTED,21.000,47.000,0.026809,STREET_P85,6,0,NO_RECORD_IN_SELECTED_SOURCES,UTRAFFIC-HCM-V6,16663,DERIVED
UTR_EDGE_16664,UTR_NODE_366448720,UTR_NODE_366448154,Tô Ngọc Vân,tertiary,SOURCE_DIRECTED,21.000,47.000,0.026809,STREET_P85,6,0,NO_RECORD_IN_SELECTED_SOURCES,UTRAFFIC-HCM-V6,16664,DERIVED
UTR_EDGE_16665,UTR_NODE_366448720,UTR_NODE_5764780958,Tô Ngọc Vân,tertiary,SOURCE_DIRECTED,25.000,47.000,0.031915,STREET_P85,6,0,NO_RECORD_IN_SELECTED_SOURCES,UTRAFFIC-HCM-V6,16665,DERIVED
UTR_EDGE_16666,UTR_NODE_5764780958,UTR_NODE_366448720,Tô Ngọc Vân,tertiary,SOURCE_DIRECTED,25.000,47.000,0.031915,STREET_P85,6,0,NO_RECORD_IN_SELECTED_SOURCES,UTRAFFIC-HCM-V6,16666,DERIVED
UTR_EDGE_16667,UTR_NODE_5764780958,UTR_NODE_366444178,Tô Ngọc Vân,tertiary,SOURCE_DIRECTED,40.000,47.000,0.051064,STREET_P85,6,0,NO_RECORD_IN_SELECTED_SOURCES,UTRAFFIC-HCM-V6,16667,DERIVED
UTR_EDGE_16668,UTR_NODE_366444178,UTR_NODE_5764780958,Tô Ngọc Vân,tertiary,SOURCE_DIRECTED,40.000,47.000,0.051064,STREET_P85,6,0,NO_RECORD_IN_SELECTED_SOURCES,UTRAFFIC-HCM-V6,16668,DERIVED
UTR_EDGE_16669,UTR_NODE_366444178,UTR_NODE_4465902083,Tô Ngọc Vân,tertiary,SOURCE_DIRECTED,37.000,47.000,0.047234,STREET_P85,6,0,NO_RECORD_IN_SELECTED_SOURCES,UTRAFFIC-HCM-V6,16669,DERIVED
UTR_EDGE_16670,UTR_NODE_4465902083,UTR_NODE_366444178,Tô Ngọc Vân,tertiary,SOURCE_DIRECTED,37.000,47.000,0.047234,STREET_P85,6,0,NO_RECORD_IN_SELECTED_SOURCES,UTRAFFIC-HCM-V6,16670,DERIVED
UTR_EDGE_16671,UTR_NODE_4465902083,UTR_NODE_5764780955,Tô Ngọc Vân,tertiary,SOURCE_DIRECTED,4.000,47.000,0.005106,STREET_P85,6,0,NO_RECORD_IN_SELECTED_SOURCES,UTRAFFIC-HCM-V6,16671,DERIVED
UTR_EDGE_16672,UTR_NODE_5764780955,UTR_NODE_4465902083,Tô Ngọc Vân,tertiary,SOURCE_DIRECTED,4.000,47.000,0.005106,STREET_P85,6,0,NO_RECORD_IN_SELECTED_SOURCES,UTRAFFIC-HCM-V6,16672,DERIVED
UTR_EDGE_16673,UTR_NODE_5764780955,UTR_NODE_5762874805,Tô Ngọc Vân,tertiary,SOURCE_DIRECTED,8.000,47.000,0.010213,STREET_P85,6,0,NO_RECORD_IN_SELECTED_SOURCES,UTRAFFIC-HCM-V6,16673,DERIVED
UTR_EDGE_16674,UTR_NODE_5762874805,UTR_NODE_5764780955,Tô Ngọc Vân,tertiary,SOURCE_DIRECTED,8.000,47.000,0.010213,STREET_P85,6,0,NO_RECORD_IN_SELECTED_SOURCES,UTRAFFIC-HCM-V6,16674,DERIVED
UTR_EDGE_16675,UTR_NODE_5762874805,UTR_NODE_366465183,Tô Ngọc Vân,tertiary,SOURCE_DIRECTED,5.000,47.000,0.006383,STREET_P85,6,0,NO_RECORD_IN_SELECTED_SOURCES,UTRAFFIC-HCM-V6,16675,DERIVED
UTR_EDGE_16676,UTR_NODE_366465183,UTR_NODE_5762874805,Tô Ngọc Vân,tertiary,SOURCE_DIRECTED,5.000,47.000,0.006383,STREET_P85,6,0,NO_RECORD_IN_SELECTED_SOURCES,UTRAFFIC-HCM-V6,16676,DERIVED
UTR_EDGE_16677,UTR_NODE_366465183,UTR_NODE_3053462714,Tô Ngọc Vân,tertiary,SOURCE_DIRECTED,76.000,47.000,0.097021,STREET_P85,6,0,NO_RECORD_IN_SELECTED_SOURCES,UTRAFFIC-HCM-V6,16677,DERIVED
UTR_EDGE_16678,UTR_NODE_3053462714,UTR_NODE_366465183,Tô Ngọc Vân,tertiary,SOURCE_DIRECTED,76.000,47.000,0.097021,STREET_P85,6,0,NO_RECORD_IN_SELECTED_SOURCES,UTRAFFIC-HCM-V6,16678,DERIVED
UTR_EDGE_16679,UTR_NODE_3053462714,UTR_NODE_2326571617,Tô Ngọc Vân,tertiary,SOURCE_DIRECTED,34.000,47.000,0.043404,STREET_P85,6,0,NO_RECORD_IN_SELECTED_SOURCES,UTRAFFIC-HCM-V6,16679,DERIVED
UTR_EDGE_16680,UTR_NODE_2326571617,UTR_NODE_3053462714,Tô Ngọc Vân,tertiary,SOURCE_DIRECTED,34.000,47.000,0.043404,STREET_P85,6,0,NO_RECORD_IN_SELECTED_SOURCES,UTRAFFIC-HCM-V6,16680,DERIVED
UTR_EDGE_16681,UTR_NODE_2326571617,UTR_NODE_2332788955,Tô Ngọc Vân,tertiary,SOURCE_DIRECTED,26.000,47.000,0.033191,STREET_P85,6,0,NO_RECORD_IN_SELECTED_SOURCES,UTRAFFIC-HCM-V6,16681,DERIVED
UTR_EDGE_16682,UTR_NODE_2332788955,UTR_NODE_2326571617,Tô Ngọc Vân,tertiary,SOURCE_DIRECTED,26.000,47.000,0.033191,STREET_P85,6,0,NO_RECORD_IN_SELECTED_SOURCES,UTRAFFIC-HCM-V6,16682,DERIVED
UTR_EDGE_18188,UTR_NODE_5758161623,UTR_NODE_5758161289,Kha Vạn Cân,tertiary,SOURCE_DIRECTED,64.000,50.600,0.075889,STREET_P85,117,0,NO_RECORD_IN_SELECTED_SOURCES,UTRAFFIC-HCM-V6,18188,DERIVED
UTR_EDGE_18189,UTR_NODE_5758161289,UTR_NODE_5758161623,Kha Vạn Cân,tertiary,SOURCE_DIRECTED,64.000,50.600,0.075889,STREET_P85,117,0,NO_RECORD_IN_SELECTED_SOURCES,UTRAFFIC-HCM-V6,18189,DERIVED
UTR_EDGE_18190,UTR_NODE_5758161289,UTR_NODE_5758161299,Kha Vạn Cân,tertiary,SOURCE_DIRECTED,6.000,50.600,0.007115,STREET_P85,117,0,NO_RECORD_IN_SELECTED_SOURCES,UTRAFFIC-HCM-V6,18190,DERIVED
UTR_EDGE_18191,UTR_NODE_5758161299,UTR_NODE_5758161289,Kha Vạn Cân,tertiary,SOURCE_DIRECTED,6.000,50.600,0.007115,STREET_P85,117,0,NO_RECORD_IN_SELECTED_SOURCES,UTRAFFIC-HCM-V6,18191,DERIVED
UTR_EDGE_18192,UTR_NODE_5758161299,UTR_NODE_366468474,Kha Vạn Cân,tertiary,SOURCE_DIRECTED,29.000,50.600,0.034387,STREET_P85,117,0,NO_RECORD_IN_SELECTED_SOURCES,UTRAFFIC-HCM-V6,18192,DERIVED
UTR_EDGE_18193,UTR_NODE_366468474,UTR_NODE_5758161299,Kha Vạn Cân,tertiary,SOURCE_DIRECTED,29.000,50.600,0.034387,STREET_P85,117,0,NO_RECORD_IN_SELECTED_SOURCES,UTRAFFIC-HCM-V6,18193,DERIVED
UTR_EDGE_18194,UTR_NODE_366468474,UTR_NODE_366453322,Kha Vạn Cân,tertiary,SOURCE_DIRECTED,34.000,50.600,0.040316,STREET_P85,117,0,NO_RECORD_IN_SELECTED_SOURCES,UTRAFFIC-HCM-V6,18194,DERIVED
UTR_EDGE_18195,UTR_NODE_366453322,UTR_NODE_366468474,Kha Vạn Cân,tertiary,SOURCE_DIRECTED,34.000,50.600,0.040316,STREET_P85,117,0,NO_RECORD_IN_SELECTED_SOURCES,UTRAFFIC-HCM-V6,18195,DERIVED
UTR_EDGE_18196,UTR_NODE_366453322,UTR_NODE_5758041296,Kha Vạn Cân,tertiary,SOURCE_DIRECTED,106.000,50.600,0.125692,STREET_P85,117,0,NO_RECORD_IN_SELECTED_SOURCES,UTRAFFIC-HCM-V6,18196,DERIVED
UTR_EDGE_18197,UTR_NODE_5758041296,UTR_NODE_366453322,Kha Vạn Cân,tertiary,SOURCE_DIRECTED,106.000,50.600,0.125692,STREET_P85,117,0,NO_RECORD_IN_SELECTED_SOURCES,UTRAFFIC-HCM-V6,18197,DERIVED
UTR_EDGE_18198,UTR_NODE_5758041296,UTR_NODE_2947068442,Kha Vạn Cân,tertiary,SOURCE_DIRECTED,41.000,50.600,0.048617,STREET_P85,117,0,NO_RECORD_IN_SELECTED_SOURCES,UTRAFFIC-HCM-V6,18198,DERIVED
UTR_EDGE_18199,UTR_NODE_2947068442,UTR_NODE_5758041296,Kha Vạn Cân,tertiary,SOURCE_DIRECTED,41.000,50.600,0.048617,STREET_P85,117,0,NO_RECORD_IN_SELECTED_SOURCES,UTRAFFIC-HCM-V6,18199,DERIVED
UTR_EDGE_37384,UTR_NODE_2332788961,UTR_NODE_2332788972,Lê Văn Ninh,tertiary,SOURCE_DIRECTED,18.000,21.200,0.050943,STREET_P85,5,0,NO_RECORD_IN_SELECTED_SOURCES,UTRAFFIC-HCM-V6,37384,DERIVED
UTR_EDGE_37385,UTR_NODE_2332788972,UTR_NODE_4907039415,Lê Văn Ninh,tertiary,SOURCE_DIRECTED,3.000,21.200,0.008491,STREET_P85,5,0,NO_RECORD_IN_SELECTED_SOURCES,UTRAFFIC-HCM-V6,37385,DERIVED
UTR_EDGE_37386,UTR_NODE_4907039415,UTR_NODE_366457374,Lê Văn Ninh,tertiary,SOURCE_DIRECTED,59.000,21.200,0.166981,STREET_P85,5,0,NO_RECORD_IN_SELECTED_SOURCES,UTRAFFIC-HCM-V6,37386,DERIVED
UTR_EDGE_37387,UTR_NODE_366457374,UTR_NODE_366442171,Lê Văn Ninh,tertiary,SOURCE_DIRECTED,90.000,21.200,0.254717,STREET_P85,5,0,NO_RECORD_IN_SELECTED_SOURCES,UTRAFFIC-HCM-V6,37387,DERIVED
UTR_EDGE_37388,UTR_NODE_366442171,UTR_NODE_366385739,Lê Văn Ninh,tertiary,SOURCE_DIRECTED,59.000,21.200,0.166981,STREET_P85,5,0,NO_RECORD_IN_SELECTED_SOURCES,UTRAFFIC-HCM-V6,37388,DERIVED
UTR_EDGE_37389,UTR_NODE_366465183,UTR_NODE_366457374,Lam Sơn,tertiary,SOURCE_DIRECTED,106.000,38.000,0.167368,STREET_TYPE_P85,44727,0,NO_RECORD_IN_SELECTED_SOURCES,UTRAFFIC-HCM-V6,37389,DERIVED
UTR_EDGE_37390,UTR_NODE_366457374,UTR_NODE_366465183,Lam Sơn,tertiary,SOURCE_DIRECTED,106.000,38.000,0.167368,STREET_TYPE_P85,44727,0,NO_RECORD_IN_SELECTED_SOURCES,UTRAFFIC-HCM-V6,37390,DERIVED
UTR_EDGE_37493,UTR_NODE_366410061,UTR_NODE_3431471053,Kha Vạn Cân,tertiary,SOURCE_DIRECTED,1.000,50.600,0.001186,STREET_P85,117,0,NO_RECORD_IN_SELECTED_SOURCES,UTRAFFIC-HCM-V6,37493,DERIVED
UTR_EDGE_37494,UTR_NODE_3431471053,UTR_NODE_2984717728,Kha Vạn Cân,tertiary,SOURCE_DIRECTED,111.000,50.600,0.131621,STREET_P85,117,0,NO_RECORD_IN_SELECTED_SOURCES,UTRAFFIC-HCM-V6,37494,DERIVED
UTR_EDGE_37495,UTR_NODE_2984717728,UTR_NODE_366463208,Kha Vạn Cân,tertiary,SOURCE_DIRECTED,32.000,50.600,0.037945,STREET_P85,117,0,NO_RECORD_IN_SELECTED_SOURCES,UTRAFFIC-HCM-V6,37495,DERIVED
UTR_EDGE_37496,UTR_NODE_366463208,UTR_NODE_2326571648,Kha Vạn Cân,tertiary,SOURCE_DIRECTED,63.000,50.600,0.074704,STREET_P85,117,0,NO_RECORD_IN_SELECTED_SOURCES,UTRAFFIC-HCM-V6,37496,DERIVED
UTR_EDGE_37497,UTR_NODE_2326571648,UTR_NODE_2332788971,Kha Vạn Cân,tertiary,SOURCE_DIRECTED,24.000,50.600,0.028458,STREET_P85,117,0,NO_RECORD_IN_SELECTED_SOURCES,UTRAFFIC-HCM-V6,37497,DERIVED
UTR_EDGE_37498,UTR_NODE_2332788975,UTR_NODE_2332788953,Kha Vạn Cân,tertiary,SOURCE_DIRECTED,3.000,50.600,0.003557,STREET_P85,117,0,NO_RECORD_IN_SELECTED_SOURCES,UTRAFFIC-HCM-V6,37498,DERIVED
UTR_EDGE_37499,UTR_NODE_2332788953,UTR_NODE_2332788961,Kha Vạn Cân,tertiary,SOURCE_DIRECTED,3.000,50.600,0.003557,STREET_P85,117,0,NO_RECORD_IN_SELECTED_SOURCES,UTRAFFIC-HCM-V6,37499,DERIVED
UTR_EDGE_37500,UTR_NODE_2332788961,UTR_NODE_2332788974,Kha Vạn Cân,tertiary,SOURCE_DIRECTED,3.000,50.600,0.003557,STREET_P85,117,0,NO_RECORD_IN_SELECTED_SOURCES,UTRAFFIC-HCM-V6,37500,DERIVED
UTR_EDGE_37501,UTR_NODE_2332788974,UTR_NODE_2332788962,Kha Vạn Cân,tertiary,SOURCE_DIRECTED,3.000,50.600,0.003557,STREET_P85,117,0,NO_RECORD_IN_SELECTED_SOURCES,UTRAFFIC-HCM-V6,37501,DERIVED
UTR_EDGE_37502,UTR_NODE_2332788962,UTR_NODE_2332788966,Kha Vạn Cân,tertiary,SOURCE_DIRECTED,3.000,50.600,0.003557,STREET_P85,117,0,NO_RECORD_IN_SELECTED_SOURCES,UTRAFFIC-HCM-V6,37502,DERIVED
UTR_EDGE_37503,UTR_NODE_2332788966,UTR_NODE_2332788960,Kha Vạn Cân,tertiary,SOURCE_DIRECTED,3.000,50.600,0.003557,STREET_P85,117,0,NO_RECORD_IN_SELECTED_SOURCES,UTRAFFIC-HCM-V6,37503,DERIVED
UTR_EDGE_37504,UTR_NODE_2332788960,UTR_NODE_2332788971,Kha Vạn Cân,tertiary,SOURCE_DIRECTED,3.000,50.600,0.003557,STREET_P85,117,0,NO_RECORD_IN_SELECTED_SOURCES,UTRAFFIC-HCM-V6,37504,DERIVED
UTR_EDGE_37505,UTR_NODE_2332788971,UTR_NODE_2332788958,Kha Vạn Cân,tertiary,SOURCE_DIRECTED,2.000,50.600,0.002372,STREET_P85,117,0,NO_RECORD_IN_SELECTED_SOURCES,UTRAFFIC-HCM-V6,37505,DERIVED
UTR_EDGE_37506,UTR_NODE_2332788958,UTR_NODE_2332788969,Kha Vạn Cân,tertiary,SOURCE_DIRECTED,2.000,50.600,0.002372,STREET_P85,117,0,NO_RECORD_IN_SELECTED_SOURCES,UTRAFFIC-HCM-V6,37506,DERIVED
UTR_EDGE_37507,UTR_NODE_2332788969,UTR_NODE_2332788963,Kha Vạn Cân,tertiary,SOURCE_DIRECTED,2.000,50.600,0.002372,STREET_P85,117,0,NO_RECORD_IN_SELECTED_SOURCES,UTRAFFIC-HCM-V6,37507,DERIVED
UTR_EDGE_37508,UTR_NODE_2332788963,UTR_NODE_2332788956,Kha Vạn Cân,tertiary,SOURCE_DIRECTED,2.000,50.600,0.002372,STREET_P85,117,0,NO_RECORD_IN_SELECTED_SOURCES,UTRAFFIC-HCM-V6,37508,DERIVED
UTR_EDGE_37509,UTR_NODE_2332788956,UTR_NODE_2332788978,Kha Vạn Cân,tertiary,SOURCE_DIRECTED,2.000,50.600,0.002372,STREET_P85,117,0,NO_RECORD_IN_SELECTED_SOURCES,UTRAFFIC-HCM-V6,37509,DERIVED
UTR_EDGE_37510,UTR_NODE_2332788978,UTR_NODE_2332788977,Kha Vạn Cân,tertiary,SOURCE_DIRECTED,3.000,50.600,0.003557,STREET_P85,117,0,NO_RECORD_IN_SELECTED_SOURCES,UTRAFFIC-HCM-V6,37510,DERIVED
UTR_EDGE_37511,UTR_NODE_2332788977,UTR_NODE_2332788973,Kha Vạn Cân,tertiary,SOURCE_DIRECTED,3.000,50.600,0.003557,STREET_P85,117,0,NO_RECORD_IN_SELECTED_SOURCES,UTRAFFIC-HCM-V6,37511,DERIVED
UTR_EDGE_37512,UTR_NODE_2332788973,UTR_NODE_2332788967,Kha Vạn Cân,tertiary,SOURCE_DIRECTED,3.000,50.600,0.003557,STREET_P85,117,0,NO_RECORD_IN_SELECTED_SOURCES,UTRAFFIC-HCM-V6,37512,DERIVED
UTR_EDGE_37513,UTR_NODE_2332788967,UTR_NODE_5762874769,Kha Vạn Cân,tertiary,SOURCE_DIRECTED,1.000,50.600,0.001186,STREET_P85,117,0,NO_RECORD_IN_SELECTED_SOURCES,UTRAFFIC-HCM-V6,37513,DERIVED
UTR_EDGE_37514,UTR_NODE_5762874769,UTR_NODE_5762874770,Kha Vạn Cân,tertiary,SOURCE_DIRECTED,4.000,50.600,0.004743,STREET_P85,117,0,NO_RECORD_IN_SELECTED_SOURCES,UTRAFFIC-HCM-V6,37514,DERIVED
UTR_EDGE_37515,UTR_NODE_5762874770,UTR_NODE_2332788955,Kha Vạn Cân,tertiary,SOURCE_DIRECTED,2.000,50.600,0.002372,STREET_P85,117,0,NO_RECORD_IN_SELECTED_SOURCES,UTRAFFIC-HCM-V6,37515,DERIVED
UTR_EDGE_37516,UTR_NODE_2332788955,UTR_NODE_2332788975,Kha Vạn Cân,tertiary,SOURCE_DIRECTED,3.000,50.600,0.003557,STREET_P85,117,0,NO_RECORD_IN_SELECTED_SOURCES,UTRAFFIC-HCM-V6,37516,DERIVED
UTR_EDGE_37525,UTR_NODE_5762874769,UTR_NODE_5762874771,Kha Vạn Cân,tertiary,SOURCE_DIRECTED,32.000,50.600,0.037945,STREET_P85,117,0,NO_RECORD_IN_SELECTED_SOURCES,UTRAFFIC-HCM-V6,37525,DERIVED
UTR_EDGE_37526,UTR_NODE_5762874771,UTR_NODE_5762874769,Kha Vạn Cân,tertiary,SOURCE_DIRECTED,32.000,50.600,0.037945,STREET_P85,117,0,NO_RECORD_IN_SELECTED_SOURCES,UTRAFFIC-HCM-V6,37526,DERIVED
UTR_EDGE_37527,UTR_NODE_5762874771,UTR_NODE_4783113428,Kha Vạn Cân,tertiary,SOURCE_DIRECTED,84.000,50.600,0.099605,STREET_P85,117,0,NO_RECORD_IN_SELECTED_SOURCES,UTRAFFIC-HCM-V6,37527,DERIVED
UTR_EDGE_37528,UTR_NODE_4783113428,UTR_NODE_5762874771,Kha Vạn Cân,tertiary,SOURCE_DIRECTED,84.000,50.600,0.099605,STREET_P85,117,0,NO_RECORD_IN_SELECTED_SOURCES,UTRAFFIC-HCM-V6,37528,DERIVED
UTR_EDGE_37529,UTR_NODE_4783113428,UTR_NODE_5763193244,Kha Vạn Cân,tertiary,SOURCE_DIRECTED,4.000,50.600,0.004743,STREET_P85,117,0,NO_RECORD_IN_SELECTED_SOURCES,UTRAFFIC-HCM-V6,37529,DERIVED
UTR_EDGE_37530,UTR_NODE_5763193244,UTR_NODE_4783113428,Kha Vạn Cân,tertiary,SOURCE_DIRECTED,4.000,50.600,0.004743,STREET_P85,117,0,NO_RECORD_IN_SELECTED_SOURCES,UTRAFFIC-HCM-V6,37530,DERIVED
UTR_EDGE_37531,UTR_NODE_5763193244,UTR_NODE_5762874772,Kha Vạn Cân,tertiary,SOURCE_DIRECTED,14.000,50.600,0.016601,STREET_P85,117,0,NO_RECORD_IN_SELECTED_SOURCES,UTRAFFIC-HCM-V6,37531,DERIVED
UTR_EDGE_37532,UTR_NODE_5762874772,UTR_NODE_5763193244,Kha Vạn Cân,tertiary,SOURCE_DIRECTED,14.000,50.600,0.016601,STREET_P85,117,0,NO_RECORD_IN_SELECTED_SOURCES,UTRAFFIC-HCM-V6,37532,DERIVED
UTR_EDGE_37533,UTR_NODE_5762874772,UTR_NODE_5762874773,Kha Vạn Cân,tertiary,SOURCE_DIRECTED,50.000,50.600,0.059289,STREET_P85,117,0,NO_RECORD_IN_SELECTED_SOURCES,UTRAFFIC-HCM-V6,37533,DERIVED
UTR_EDGE_37534,UTR_NODE_5762874773,UTR_NODE_5762874772,Kha Vạn Cân,tertiary,SOURCE_DIRECTED,50.000,50.600,0.059289,STREET_P85,117,0,NO_RECORD_IN_SELECTED_SOURCES,UTRAFFIC-HCM-V6,37534,DERIVED
UTR_EDGE_49757,UTR_NODE_366385739,UTR_NODE_366410061,Dương Văn Cam,tertiary,SOURCE_DIRECTED,26.000,38.000,0.041053,STREET_TYPE_P85,44727,1,OBSERVED_PRONE_CANDIDATE_MAPPING,UTRAFFIC-HCM-V6,49757,MIXED
UTR_EDGE_49758,UTR_NODE_366410061,UTR_NODE_366385739,Dương Văn Cam,tertiary,SOURCE_DIRECTED,26.000,38.000,0.041053,STREET_TYPE_P85,44727,1,OBSERVED_PRONE_CANDIDATE_MAPPING,UTRAFFIC-HCM-V6,49758,MIXED
UTR_EDGE_52090,UTR_NODE_5758041258,UTR_NODE_3116282961,Võ Văn Ngân,tertiary,SOURCE_DIRECTED,17.000,28.500,0.035789,STREET_P85,71,0,NO_RECORD_IN_SELECTED_SOURCES,UTRAFFIC-HCM-V6,52090,DERIVED
UTR_EDGE_52091,UTR_NODE_3116282961,UTR_NODE_5758041258,Võ Văn Ngân,tertiary,SOURCE_DIRECTED,17.000,28.500,0.035789,STREET_P85,71,0,NO_RECORD_IN_SELECTED_SOURCES,UTRAFFIC-HCM-V6,52091,DERIVED
UTR_EDGE_79308,UTR_NODE_5758041297,UTR_NODE_2947068443,Kha Vạn Cân,tertiary,SOURCE_DIRECTED,36.000,50.600,0.042688,STREET_P85,117,0,NO_RECORD_IN_SELECTED_SOURCES,UTRAFFIC-HCM-V6,79308,DERIVED
UTR_EDGE_79309,UTR_NODE_2947068443,UTR_NODE_5758041297,Kha Vạn Cân,tertiary,SOURCE_DIRECTED,36.000,50.600,0.042688,STREET_P85,117,0,NO_RECORD_IN_SELECTED_SOURCES,UTRAFFIC-HCM-V6,79309,DERIVED
UTR_EDGE_79310,UTR_NODE_2947068443,UTR_NODE_366410061,Kha Vạn Cân,tertiary,SOURCE_DIRECTED,57.000,50.600,0.067589,STREET_P85,117,0,NO_RECORD_IN_SELECTED_SOURCES,UTRAFFIC-HCM-V6,79310,DERIVED
UTR_EDGE_79311,UTR_NODE_366410061,UTR_NODE_2947068443,Kha Vạn Cân,tertiary,SOURCE_DIRECTED,57.000,50.600,0.067589,STREET_P85,117,0,NO_RECORD_IN_SELECTED_SOURCES,UTRAFFIC-HCM-V6,79311,DERIVED
UTR_EDGE_79312,UTR_NODE_2947068442,UTR_NODE_5758041297,Kha Vạn Cân,tertiary,SOURCE_DIRECTED,24.000,50.600,0.028458,STREET_P85,117,0,NO_RECORD_IN_SELECTED_SOURCES,UTRAFFIC-HCM-V6,79312,DERIVED
UTR_EDGE_79313,UTR_NODE_5758041297,UTR_NODE_2947068442,Kha Vạn Cân,tertiary,SOURCE_DIRECTED,24.000,50.600,0.028458,STREET_P85,117,0,NO_RECORD_IN_SELECTED_SOURCES,UTRAFFIC-HCM-V6,79313,DERIVED
