node_id,name,node_type,latitude,longitude,source_id,validation_status,data_status
UTR_NODE_366369871,UTraffic node 366369871,INTERSECTION_OR_GEOMETRY,10.8525630,106.7526385,UTRAFFIC-HCM-V6,SOURCE_COORDINATE,SOURCE_BACKED
UTR_NODE_366383242,Long Châu,POI,10.8529935,106.7519554,UTRAFFIC-HCM-V6,SOURCE_COORDINATE,SOURCE_BACKED
UTR_NODE_366385739,UTraffic node 366385739,INTERSECTION_OR_GEOMETRY,10.8495638,106.7534794,UTRAFFIC-HCM-V6,SOURCE_COORDINATE,SOURCE_BACKED
UTR_NODE_366410061,UTraffic node 366410061,INTERSECTION_OR_GEOMETRY,10.8494184,106.7536678,UTRAFFIC-HCM-V6,SOURCE_COORDINATE,SOURCE_BACKED
UTR_NODE_366413263,UTraffic node 366413263,INTERSECTION_OR_GEOMETRY,10.8512375,106.7567647,UTRAFFIC-HCM-V6,SOURCE_COORDINATE,SOURCE_BACKED
UTR_NODE_366442171,UTraffic node 366442171,INTERSECTION_OR_GEOMETRY,10.8499886,106.7538088,UTRAFFIC-HCM-V6,SOURCE_COORDINATE,SOURCE_BACKED
UTR_NODE_366444178,WinMart+,POI,10.8516274,106.7532940,UTRAFFIC-HCM-V6,SOURCE_COORDINATE,SOURCE_BACKED
UTR_NODE_366448154,UTraffic node 366448154,INTERSECTION_OR_GEOMETRY,10.8523373,106.7529428,UTRAFFIC-HCM-V6,SOURCE_COORDINATE,SOURCE_BACKED
UTR_NODE_366448720,UTraffic node 366448720,INTERSECTION_OR_GEOMETRY,10.8521555,106.7530199,UTRAFFIC-HCM-V6,SOURCE_COORDINATE,SOURCE_BACKED
UTR_NODE_366449407,UTraffic node 366449407,INTERSECTION_OR_GEOMETRY,10.8510644,106.7517702,UTRAFFIC-HCM-V6,SOURCE_COORDINATE,SOURCE_BACKED
UTR_NODE_366453322,UTraffic node 366453322,INTERSECTION_OR_GEOMETRY,10.8475655,106.7521248,UTRAFFIC-HCM-V6,SOURCE_COORDINATE,SOURCE_BACKED
UTR_NODE_366457374,UTraffic node 366457374,INTERSECTION_OR_GEOMETRY,10.8506160,106.7543315,UTRAFFIC-HCM-V6,SOURCE_COORDINATE,SOURCE_BACKED
UTR_NODE_366463208,Tạp Hóa Ngọc Hân,POI,10.8504341,106.7545053,UTRAFFIC-HCM-V6,SOURCE_COORDINATE,SOURCE_BACKED
UTR_NODE_366465183,UTraffic node 366465183,INTERSECTION_OR_GEOMETRY,10.8512781,106.7536329,UTRAFFIC-HCM-V6,SOURCE_COORDINATE,SOURCE_BACKED
UTR_NODE_366468474,UTraffic node 366468474,INTERSECTION_OR_GEOMETRY,10.8473545,106.7518888,UTRAFFIC-HCM-V6,SOURCE_COORDINATE,SOURCE_BACKED
UTR_NODE_366470441,UTraffic node 366470441,INTERSECTION_OR_GEOMETRY,10.8510238,106.7518279,UTRAFFIC-HCM-V6,SOURCE_COORDINATE,SOURCE_BACKED
UTR_NODE_2326571617,UTraffic node 2326571617,INTERSECTION_OR_GEOMETRY,10.8512565,106.7546545,UTRAFFIC-HCM-V6,SOURCE_COORDINATE,SOURCE_BACKED
UTR_NODE_2326571648,UTraffic node 2326571648,INTERSECTION_OR_GEOMETRY,10.8508701,106.7548858,UTRAFFIC-HCM-V6,SOURCE_COORDINATE,SOURCE_BACKED
UTR_NODE_2326571666,UTraffic node 2326571666,INTERSECTION_OR_GEOMETRY,10.8501221,106.7528562,UTRAFFIC-HCM-V6,SOURCE_COORDINATE,SOURCE_BACKED
UTR_NODE_2332788953,UTraffic node 2332788953,INTERSECTION_OR_GEOMETRY,10.8511581,106.7548624,UTRAFFIC-HCM-V6,SOURCE_COORDINATE,SOURCE_BACKED
UTR_NODE_2332788955,UTraffic node 2332788955,INTERSECTION_OR_GEOMETRY,10.8512045,106.7548899,UTRAFFIC-HCM-V6,SOURCE_COORDINATE,SOURCE_BACKED
UTR_NODE_2332788956,UTraffic node 2332788956,INTERSECTION_OR_GEOMETRY,10.8511462,106.7550363,UTRAFFIC-HCM-V6,SOURCE_COORDINATE,SOURCE_BACKED
UTR_NODE_2332788958,UTraffic node 2332788958,INTERSECTION_OR_GEOMETRY,10.8510771,106.7550089,UTRAFFIC-HCM-V6,SOURCE_COORDINATE,SOURCE_BACKED
UTR_NODE_2332788960,UTraffic node 2332788960,INTERSECTION_OR_GEOMETRY,10.8510537,106.7549551,UTRAFFIC-HCM-V6,SOURCE_COORDINATE,SOURCE_BACKED
UTR_NODE_2332788961,UTraffic node 2332788961,INTERSECTION_OR_GEOMETRY,10.8511310,106.7548609,UTRAFFIC-HCM-V6,SOURCE_COORDINATE,SOURCE_BACKED
UTR_NODE_2332788962,UTraffic node 2332788962,INTERSECTION_OR_GEOMETRY,10.8510736,106.7548920,UTRAFFIC-HCM-V6,SOURCE_COORDINATE,SOURCE_BACKED
UTR_NODE_2332788963,UTraffic node 2332788963,INTERSECTION_OR_GEOMETRY,10.8511208,106.7550343,UTRAFFIC-HCM-V6,SOURCE_COORDINATE,SOURCE_BACKED
UTR_NODE_2332788966,UTraffic node 2332788966,INTERSECTION_OR_GEOMETRY,10.8510576,106.7549216,UTRAFFIC-HCM-V6,SOURCE_COORDINATE,SOURCE_BACKED
UTR_NODE_2332788967,UTraffic node 2332788967,INTERSECTION_OR_GEOMETRY,10.8512247,106.7549657,UTRAFFIC-HCM-V6,SOURCE_COORDINATE,SOURCE_BACKED
UTR_NODE_2332788969,UTraffic node 2332788969,INTERSECTION_OR_GEOMETRY,10.8510971,106.7550250,UTRAFFIC-HCM-V6,SOURCE_COORDINATE,SOURCE_BACKED
UTR_NODE_2332788971,UTraffic node 2332788971,INTERSECTION_OR_GEOMETRY,10.8510625,106.7549877,UTRAFFIC-HCM-V6,SOURCE_COORDINATE,SOURCE_BACKED
UTR_NODE_2332788972,UTraffic node 2332788972,INTERSECTION_OR_GEOMETRY,10.8510377,106.7547163,UTRAFFIC-HCM-V6,SOURCE_COORDINATE,SOURCE_BACKED
UTR_NODE_2332788973,UTraffic node 2332788973,INTERSECTION_OR_GEOMETRY,10.8512144,106.7549931,UTRAFFIC-HCM-V6,SOURCE_COORDINATE,SOURCE_BACKED
UTR_NODE_2332788974,UTraffic node 2332788974,INTERSECTION_OR_GEOMETRY,10.8510993,106.7548708,UTRAFFIC-HCM-V6,SOURCE_COORDINATE,SOURCE_BACKED
UTR_NODE_2332788975,UTraffic node 2332788975,INTERSECTION_OR_GEOMETRY,10.8511834,106.7548724,UTRAFFIC-HCM-V6,SOURCE_COORDINATE,SOURCE_BACKED
UTR_NODE_2332788977,UTraffic node 2332788977,INTERSECTION_OR_GEOMETRY,10.8511958,106.7550156,UTRAFFIC-HCM-V6,SOURCE_COORDINATE,SOURCE_BACKED
UTR_NODE_2332788978,UTraffic node 2332788978,INTERSECTION_OR_GEOMETRY,10.8511710,106.7550306,UTRAFFIC-HCM-V6,SOURCE_COORDINATE,SOURCE_BACKED
UTR_NODE_2947068442,UTraffic node 2947068442,INTERSECTION_OR_GEOMETRY,10.8485905,106.7529815,UTRAFFIC-HCM-V6,SOURCE_COORDINATE,SOURCE_BACKED
UTR_NODE_2947068443,UTraffic node 2947068443,INTERSECTION_OR_GEOMETRY,10.8490194,106.7533269,UTRAFFIC-HCM-V6,SOURCE_COORDINATE,SOURCE_BACKED
UTR_NODE_2984717728,Chợ Thủ Đức / CH Sỉ Số 1 Kha Vạn Cân,POI,10.8502084,106.7543192,UTRAFFIC-HCM-V6,SOURCE_COORDINATE,SOURCE_BACKED
UTR_NODE_3053462714,UTraffic node 3053462714,INTERSECTION_OR_GEOMETRY,10.8512632,106.7543369,UTRAFFIC-HCM-V6,SOURCE_COORDINATE,SOURCE_BACKED
UTR_NODE_3116282959,UTraffic node 3116282959,INTERSECTION_OR_GEOMETRY,10.8503333,106.7586811,UTRAFFIC-HCM-V6,SOURCE_COORDINATE,SOURCE_BACKED
UTR_NODE_3116282960,UTraffic node 3116282960,INTERSECTION_OR_GEOMETRY,10.8508014,106.7583912,UTRAFFIC-HCM-V6,SOURCE_COORDINATE,SOURCE_BACKED
UTR_NODE_3116282961,UTraffic node 3116282961,INTERSECTION_OR_GEOMETRY,10.8506322,106.7588251,UTRAFFIC-HCM-V6,SOURCE_COORDINATE,SOURCE_BACKED
UTR_NODE_3116282962,UTraffic node 3116282962,INTERSECTION_OR_GEOMETRY,10.8498060,106.7587516,UTRAFFIC-HCM-V6,SOURCE_COORDINATE,SOURCE_BACKED
UTR_NODE_3116282965,UTraffic node 3116282965,INTERSECTION_OR_GEOMETRY,10.8494279,106.7588021,UTRAFFIC-HCM-V6,SOURCE_COORDINATE,SOURCE_BACKED
UTR_NODE_3431471053,UTraffic node 3431471053,INTERSECTION_OR_GEOMETRY,10.8494308,106.7536780,UTRAFFIC-HCM-V6,SOURCE_COORDINATE,SOURCE_BACKED
UTR_NODE_4030892832,UTraffic node 4030892832,INTERSECTION_OR_GEOMETRY,10.8502286,106.7527369,UTRAFFIC-HCM-V6,SOURCE_COORDINATE,SOURCE_BACKED
UTR_NODE_4465902083,UTraffic node 4465902083,INTERSECTION_OR_GEOMETRY,10.8513541,106.7534910,UTRAFFIC-HCM-V6,SOURCE_COORDINATE,SOURCE_BACKED
UTR_NODE_4783113428,UTraffic node 4783113428,INTERSECTION_OR_GEOMETRY,10.8522678,106.7547307,UTRAFFIC-HCM-V6,SOURCE_COORDINATE,SOURCE_BACKED
UTR_NODE_4907039415,UTraffic node 4907039415,INTERSECTION_OR_GEOMETRY,10.8510143,106.7546949,UTRAFFIC-HCM-V6,SOURCE_COORDINATE,SOURCE_BACKED
UTR_NODE_5142365645,UTraffic node 5142365645,INTERSECTION_OR_GEOMETRY,10.8512042,106.7565153,UTRAFFIC-HCM-V6,SOURCE_COORDINATE,SOURCE_BACKED
UTR_NODE_5758041252,UTraffic node 5758041252,INTERSECTION_OR_GEOMETRY,10.8511306,106.7559262,UTRAFFIC-HCM-V6,SOURCE_COORDINATE,SOURCE_BACKED
UTR_NODE_5758041253,UTraffic node 5758041253,INTERSECTION_OR_GEOMETRY,10.8511346,106.7560336,UTRAFFIC-HCM-V6,SOURCE_COORDINATE,SOURCE_BACKED
UTR_NODE_5758041254,UTraffic node 5758041254,INTERSECTION_OR_GEOMETRY,10.8492447,106.7588569,UTRAFFIC-HCM-V6,SOURCE_COORDINATE,SOURCE_BACKED
UTR_NODE_5758041256,UTraffic node 5758041256,INTERSECTION_OR_GEOMETRY,10.8489804,106.7589677,UTRAFFIC-HCM-V6,SOURCE_COORDINATE,SOURCE_BACKED
UTR_NODE_5758041258,UTraffic node 5758041258,INTERSECTION_OR_GEOMETRY,10.8505984,106.7586699,UTRAFFIC-HCM-V6,SOURCE_COORDINATE,SOURCE_BACKED
UTR_NODE_5758041259,UTraffic node 5758041259,INTERSECTION_OR_GEOMETRY,10.8509701,106.7580574,UTRAFFIC-HCM-V6,SOURCE_COORDINATE,SOURCE_BACKED
UTR_NODE_5758041260,UTraffic node 5758041260,INTERSECTION_OR_GEOMETRY,10.8511526,106.7554761,UTRAFFIC-HCM-V6,SOURCE_COORDINATE,SOURCE_BACKED
UTR_NODE_5758041261,UTraffic node 5758041261,INTERSECTION_OR_GEOMETRY,10.8511277,106.7558304,UTRAFFIC-HCM-V6,SOURCE_COORDINATE,SOURCE_BACKED
UTR_NODE_5758041262,UTraffic node 5758041262,INTERSECTION_OR_GEOMETRY,10.8512498,106.7570876,UTRAFFIC-HCM-V6,SOURCE_COORDINATE,SOURCE_BACKED
UTR_NODE_5758041263,UTraffic node 5758041263,INTERSECTION_OR_GEOMETRY,10.8511374,106.7575574,UTRAFFIC-HCM-V6,SOURCE_COORDINATE,SOURCE_BACKED
UTR_NODE_5758041264,UTraffic node 5758041264,INTERSECTION_OR_GEOMETRY,10.8511402,106.7561144,UTRAFFIC-HCM-V6,SOURCE_COORDINATE,SOURCE_BACKED
UTR_NODE_5758041265,UTraffic node 5758041265,INTERSECTION_OR_GEOMETRY,10.8511369,106.7557775,UTRAFFIC-HCM-V6,SOURCE_COORDINATE,SOURCE_BACKED
UTR_NODE_5758041266,UTraffic node 5758041266,INTERSECTION_OR_GEOMETRY,10.8511418,106.7556645,UTRAFFIC-HCM-V6,SOURCE_COORDINATE,SOURCE_BACKED
UTR_NODE_5758041267,UTraffic node 5758041267,INTERSECTION_OR_GEOMETRY,10.8511813,106.7551817,UTRAFFIC-HCM-V6,SOURCE_COORDINATE,SOURCE_BACKED
UTR_NODE_5758041268,UTraffic node 5758041268,INTERSECTION_OR_GEOMETRY,10.8511579,106.7554506,UTRAFFIC-HCM-V6,SOURCE_COORDINATE,SOURCE_BACKED
UTR_NODE_5758041269,UTraffic node 5758041269,INTERSECTION_OR_GEOMETRY,10.8511326,106.7559921,UTRAFFIC-HCM-V6,SOURCE_COORDINATE,SOURCE_BACKED
UTR_NODE_5758041279,UTraffic node 5758041279,INTERSECTION_OR_GEOMETRY,10.8512270,106.7566862,UTRAFFIC-HCM-V6,SOURCE_COORDINATE,SOURCE_BACKED
UTR_NODE_5758041286,UTraffic node 5758041286,INTERSECTION_OR_GEOMETRY,10.8500195,106.7529707,UTRAFFIC-HCM-V6,SOURCE_COORDINATE,SOURCE_BACKED
UTR_NODE_5758041296,UTraffic node 5758041296,INTERSECTION_OR_GEOMETRY,10.8483044,106.7527423,UTRAFFIC-HCM-V6,SOURCE_COORDINATE,SOURCE_BACKED
UTR_NODE_5758041297,UTraffic node 5758041297,INTERSECTION_OR_GEOMETRY,10.8487665,106.7531191,UTRAFFIC-HCM-V6,SOURCE_COORDINATE,SOURCE_BACKED
UTR_NODE_5758161289,UTraffic node 5758161289,INTERSECTION_OR_GEOMETRY,10.8471293,106.7516468,UTRAFFIC-HCM-V6,SOURCE_COORDINATE,SOURCE_BACKED
UTR_NODE_5758161299,UTraffic node 5758161299,INTERSECTION_OR_GEOMETRY,10.8471705,106.7516910,UTRAFFIC-HCM-V6,SOURCE_COORDINATE,SOURCE_BACKED
UTR_NODE_5758161623,UTraffic node 5758161623,INTERSECTION_OR_GEOMETRY,10.8467284,106.7512159,UTRAFFIC-HCM-V6,SOURCE_COORDINATE,SOURCE_BACKED
UTR_NODE_5762610255,UTraffic node 5762610255,INTERSECTION_OR_GEOMETRY,10.8498999,106.7587390,UTRAFFIC-HCM-V6,SOURCE_COORDINATE,SOURCE_BACKED
UTR_NODE_5762610277,UTraffic node 5762610277,INTERSECTION_OR_GEOMETRY,10.8505291,106.7586728,UTRAFFIC-HCM-V6,SOURCE_COORDINATE,SOURCE_BACKED
UTR_NODE_5762874769,UTraffic node 5762874769,INTERSECTION_OR_GEOMETRY,10.8512321,106.7549537,UTRAFFIC-HCM-V6,SOURCE_COORDINATE,SOURCE_BACKED
UTR_NODE_5762874770,UTraffic node 5762874770,INTERSECTION_OR_GEOMETRY,10.8512184,106.7549115,UTRAFFIC-HCM-V6,SOURCE_COORDINATE,SOURCE_BACKED
UTR_NODE_5762874771,UTraffic node 5762874771,INTERSECTION_OR_GEOMETRY,10.8515211,106.7548926,UTRAFFIC-HCM-V6,SOURCE_COORDINATE,SOURCE_BACKED
UTR_NODE_5762874772,UTraffic node 5762874772,INTERSECTION_OR_GEOMETRY,10.8524285,106.7547035,UTRAFFIC-HCM-V6,SOURCE_COORDINATE,SOURCE_BACKED
UTR_NODE_5762874773,UTraffic node 5762874773,INTERSECTION_OR_GEOMETRY,10.8528730,106.7546167,UTRAFFIC-HCM-V6,SOURCE_COORDINATE,SOURCE_BACKED
UTR_NODE_5762874783,UTraffic node 5762874783,INTERSECTION_OR_GEOMETRY,10.8512421,106.7568863,UTRAFFIC-HCM-V6,SOURCE_COORDINATE,SOURCE_BACKED
UTR_NODE_5762874805,UTraffic node 5762874805,INTERSECTION_OR_GEOMETRY,10.8512781,106.7535846,UTRAFFIC-HCM-V6,SOURCE_COORDINATE,SOURCE_BACKED
UTR_NODE_5763147358,UTraffic node 5763147358,INTERSECTION_OR_GEOMETRY,10.8512115,106.7573208,UTRAFFIC-HCM-V6,SOURCE_COORDINATE,SOURCE_BACKED
UTR_NODE_5763193244,UTraffic node 5763193244,INTERSECTION_OR_GEOMETRY,10.8523042,106.7547245,UTRAFFIC-HCM-V6,SOURCE_COORDINATE,SOURCE_BACKED
UTR_NODE_5763193249,Pharmacity,POI,10.8524842,106.7527447,UTRAFFIC-HCM-V6,SOURCE_COORDINATE,SOURCE_BACKED
UTR_NODE_5763193360,UTraffic node 5763193360,INTERSECTION_OR_GEOMETRY,10.8515032,106.7512737,UTRAFFIC-HCM-V6,SOURCE_COORDINATE,SOURCE_BACKED
UTR_NODE_5764780955,UTraffic node 5764780955,INTERSECTION_OR_GEOMETRY,10.8513248,106.7535187,UTRAFFIC-HCM-V6,SOURCE_COORDINATE,SOURCE_BACKED
UTR_NODE_5764780958,UTraffic node 5764780958,INTERSECTION_OR_GEOMETRY,10.8519544,106.7531231,UTRAFFIC-HCM-V6,SOURCE_COORDINATE,SOURCE_BACKED
